"firstname","lastname","employeenumber","performancerating","trainingtimeslastyear"
"Dirk","Dunan",1,3,0
"Sibylle","Grouen",2,4,3
"Archibald","Cavet",4,3,3
"Winny","Rollins",5,3,3
"Dre","Natte",7,3,3
"Hermine","Hulland",8,3,2
"Rania","Chitter",10,4,3
"Cory","Streather",11,4,2
"Purcell","Leppington",12,4,2
"Maribel","Elger",13,3,3
"Glory","Crofts",14,3,5
"Kata","Parman",15,3,3
"Kylila","Kopps",16,3,1
"Colette","Pendre",18,3,2
"Adoree","Valois",19,3,4
"Genny","McVanamy",20,3,1
"Lionel","Gridley",21,3,5
"Junia","Piscot",22,3,2
"Mohandas","Pullar",23,3,3
"Shalna","Lokier",24,3,3
"Uta","Musgrove",26,3,5
"Jo ann","Thurstance",27,4,4
"Lamar","Studdard",28,3,4
"Alexis","Varney",30,3,6
"Kerrin","De Angelis",31,3,2
"Hendrika","Humblestone",32,3,3
"Petr","Carmont",33,4,5
"Kaylyn","Lisamore",35,3,2
"Laney","Santon",36,3,4
"Giusto","Pickin",38,3,2
"Trevar","Fidler",39,3,3
"Phaedra","Siggee",40,3,5
"Addi","Gorler",41,3,5
"Cord","Gonet",42,3,6
"Gregory","Loker",45,3,2
"Amble","Kennedy",46,3,3
"Rik","Crossley",47,3,2
"Coreen","Mallison",49,3,3
"Nariko","Hullot",51,3,3
"Kirstin","Catherine",52,3,3
"Krissy","Pigny",53,3,3
"Adena","Dugood",54,3,6
"Francoise","Markos",55,3,2
"Barbey","Zanneli",56,3,0
"Melvyn","Smaridge",57,4,2
"Dayle","Brach",58,3,0
"Pippo","Derill",60,4,2
"Sol","Djurevic",61,4,1
"Kathi","Stops",62,4,4
"Dorette","Browncey",63,3,2
"Nara","Dorsay",64,3,2
"Winona","Ramiro",65,3,3
"Fiona","McClary",68,4,2
"Valaria","Porrett",70,3,3
"Hube","Bellhouse",72,3,2
"Dougie","Jaycox",73,3,1
"Kerry","Garbert",74,4,3
"Boycie","Gouinlock",75,3,3
"Julianna","Shave",76,4,3
"Price","Bengal",77,3,2
"Shepperd","OLehane",78,4,3
"Zenia","Justice",79,3,2
"Ethelind","Guerreiro",80,3,2
"Caritta","Fairnington",81,3,3
"Corenda","Lyman",83,3,2
"Hugo","Hammatt",84,3,2
"Leonelle","Benoy",85,3,3
"Isak","Hunstone",86,3,2
"Worthington","Lavies",88,3,2
"Joellyn","Owbrick",90,3,0
"Kerr","Kealy",91,3,2
"Haskell","Neising",94,4,3
"Roxie","Simoens",95,3,4
"Dareen","Dansken",96,3,3
"Perry","Rattray",97,3,3
"Kaela","Cubberley",98,4,2
"Jordanna","Gocke",100,3,2
"Ulrick","Yonnie",101,3,3
"Fiorenze","Lilleycrop",102,3,3
"Sally","Siddell",103,4,2
"Florri","Bertolin",104,3,1
"Donia","Langelaan",105,3,3
"Mariellen","Scini",106,3,4
"Clemmy","Aishford",107,3,3
"Genevieve","Burland",110,3,2
"Lanny","Dallin",112,3,3
"Selinda","Mepham",113,3,3
"Frans","Abba",116,4,4
"Vanni","Lergan",117,3,3
"Kerrin","Bemand",118,3,3
"Hillery","Longmead",119,4,3
"Fairleigh","Lechmere",120,4,2
"Izzy","Dumberell",121,3,4
"Yulma","DAlessio",124,3,5
"Dewie","Rames",125,3,0
"Waylon","Bellas",126,3,5
"Kev","Manjot",128,4,2
"Arnoldo","Antcliffe",129,3,3
"Abbie","Dulanty",131,3,1
"Sashenka","Wilsone",132,3,3
"Andrea","Devanney",133,4,3
"Tamqrah","Storrar",134,3,2
"Melisent","Gauvin",137,3,5
"Marni","Dunsmuir",138,3,3
"Yul","Cearley",139,3,2
"Reece","Beardwell",140,4,3
"Dominique","Dunlap",141,3,1
"Lydie","Ranner",142,3,1
"Yvon","Lincke",143,3,2
"Carolynn","Colombier",144,3,5
"Christiana","Seiffert",145,4,1
"Cecilia","Braunds",147,4,3
"Alysia","Rack",148,3,3
"Alfred","Sambals",150,3,2
"Kaylyn","Wethey",151,3,3
"Caryn","Geffen",152,3,3
"Malva","Bygreaves",153,3,6
"Stephen","Niblett",154,3,6
"Cornie","LeGood",155,4,2
"Sascha","Cheese",158,3,3
"Fania","Ribchester",159,4,2
"Emalia","Wisniewski",160,3,2
"Bertrand","Aberchirder",161,3,2
"Moritz","Corkish",162,3,5
"Becka","Halkyard",163,3,3
"Rufus","Colbrun",164,3,3
"Diann","Hendriks",165,3,3
"Bond","Klasen",167,3,2
"Vanna","Leele",169,3,2
"Micky","Linsley",170,3,2
"Lilyan","Dickens",171,3,2
"Daniela","Keese",174,3,3
"Haskel","Mallen",175,3,2
"Eadmund","Drinkel",176,3,2
"Efren","Murrill",177,4,3
"Henrieta","Gaukrodge",178,4,0
"Ethelbert","Birrel",179,3,2
"Shelley","Hay",182,3,1
"Sibyl","Barham",183,3,3
"Flemming","Weiner",184,3,2
"Normy","Lawlie",190,4,2
"Reinold","Longhorn",192,3,2
"Gretta","Huncoot",193,4,2
"Jasmine","Janse",194,3,4
"Joanne","Ebbing",195,3,2
"Mercie","Buer",197,3,3
"Demetris","Daveren",198,3,3
"Araldo","Troutbeck",199,3,2
"Colver","Andriulis",200,4,2
"Joli","Milius",201,3,3
"Nadine","Proctor",202,3,2
"Kendal","Akhurst",204,3,3
"Teodora","Matfin",205,4,3
"Noell","Foxen",206,3,2
"Quentin","Wreakes",207,3,2
"Betteann","Marcq",208,3,1
"Britni","Danielis",211,3,2
"Thain","Woodhams",214,4,3
"Ado","Graith",215,3,2
"Bertram","Dows",216,3,3
"Goran","Longman",217,4,6
"Randolf","Regis",218,3,1
"Correy","Bordone",221,3,2
"Maxie","Kingsnoad",223,3,2
"Nari","Huke",224,3,2
"Coreen","Aggis",226,3,5
"Bernie","Dewen",227,3,2
"Rozella","Hesbrook",228,3,2
"Barris","Wloch",230,4,2
"Tommie","OFihillie",231,4,2
"Manya","Feasey",233,3,3
"Gianna","Sant",235,4,5
"Haywood","Bodiam",238,3,3
"Beck","Durban",239,3,4
"Tara","Kidgell",240,3,3
"Fredia","Cordall",241,3,3
"Essy","Perone",242,3,2
"Clemens","Govan",243,4,3
"Neall","Wiffill",244,4,2
"Mellisa","Serman",245,3,3
"Patrick","McJarrow",246,4,0
"Benyamin","Binge",247,3,3
"Ricca","Nichols",248,4,5
"Helyn","Peele",249,3,2
"Antonietta","Trinkwon",250,3,3
"Odey","Bernaciak",252,3,5
"Vincents","Spottiswoode",253,3,2
"Sebastien","Birchenough",254,3,3
"Gerianna","Moralee",256,3,2
"Lindon","Frowen",258,3,6
"Timmie","Bradburne",259,3,5
"Kettie","Este",260,3,2
"Frieda","Rupert",261,3,1
"Vin","Pettisall",262,3,3
"Melonie","Loughren",264,4,1
"Libbie","Harding",267,3,3
"Corri","Harley",269,3,5
"Reyna","Eustis",270,3,5
"Adrienne","Scarrott",271,3,3
"Stanfield","Mitkov",273,3,3
"Northrop","Whetnell",274,3,1
"Lannie","Madeley",275,3,0
"Jamaal","Hatfull",277,3,4
"Francisco","Fairburn",281,3,2
"Odey","OKeeffe",282,3,2
"Fawnia","Revie",283,4,3
"Alfonse","Buttriss",284,3,2
"Imogen","Lefridge",286,3,2
"Temple","Rothwell",287,3,5
"Ruthie","Georgiev",288,3,3
"Louella","Temple",291,3,2
"Yorke","Lokier",292,4,2
"Rance","Lynd",293,3,2
"Archibaldo","Gransden",296,3,5
"Zerk","Poyle",297,3,5
"Alessandro","Simenot",298,3,3
"Andy","Witten",299,3,5
"Owen","Calbreath",300,3,1
"Even","Bolgar",302,3,2
"Melessa","Ellar",303,3,4
"Cherrita","Ormshaw",304,3,3
"Leola","Zellick",305,4,3
"Briana","Bonnick",306,3,1
"Zia","Grayland",307,3,6
"Nydia","McVrone",308,3,2
"Ferd","Pinchon",309,3,6
"Vitoria","Franzettoini",311,3,2
"Miguela","Judge",312,3,5
"Hettie","Moran",314,3,3
"Ilka","Moisey",315,3,3
"Dorolice","Rangle",316,3,3
"Adolf","Narducci",319,3,3
"Leoline","Jouanot",321,3,2
"Alister","Easterbrook",323,3,3
"Chloe","Defew",325,3,2
"Cybill","ODuilleain",327,4,3
"Delia","Nerney",328,4,3
"Timi","Gavriel",329,3,2
"Donelle","Lansdale",330,3,5
"Pennie","Whitelaw",331,3,2
"Derrek","Farquar",332,3,1
"Janina","Bentham",333,3,2
"Rafaello","Jaxon",334,3,2
"Ki","Lowery",335,3,3
"Flo","Goreway",336,3,2
"Else","Dessaur",337,3,3
"Auroora","De Bruyn",338,3,2
"Inge","Boog",339,3,3
"Elonore","Scurfield",340,3,2
"Addia","Penna",341,3,1
"Kettie","Barwis",342,3,5
"Gregoor","Tudgay",343,4,1
"Woody","Elwin",346,3,1
"Chelsae","Shimuk",347,3,1
"Ferris","Follows",349,3,2
"Boycie","McCorkindale",350,3,3
"Nonna","Powrie",351,3,4
"Sinclare","Huie",352,3,5
"Kellsie","Dulake",353,3,0
"Ken","de Copeman",355,3,2
"Desmund","Stittle",359,4,3
"Zebulon","Catton",361,3,0
"Pearle","Tremayne",362,3,5
"Leah","Mourbey",363,3,2
"Palmer","Sonnenschein",364,3,5
"Essy","Turban",366,3,2
"Carly","Rasher",367,4,2
"Nolan","Quin",369,3,2
"Halli","Hannond",372,3,2
"Rurik","Suggate",373,3,4
"Cullen","De Caville",374,3,2
"Danya","Passion",376,3,2
"Kenneth","Itscowicz",377,4,3
"Zacherie","Gomby",378,3,5
"Dannie","Pullar",379,3,4
"Lyle","More",380,3,2
"Padraig","Strike",381,3,6
"Blinnie","FitzGilbert",382,4,3
"Steffie","Stone Fewings",384,4,6
"Siegfried","Klaaassen",385,3,4
"Elsinore","Bruhnke",386,3,5
"Darla","Jaan",387,4,3
"Verla","Adamou",388,3,3
"Zarah","Marsh",389,3,4
"Blinni","Panketh",390,3,3
"Kellby","Attrill",391,3,3
"Alleyn","McGiven",392,4,0
"Daryn","Mitchel",393,3,2
"Barbaraanne","Lodford",394,3,2
"Packston","Jennens",395,4,3
"Berenice","Revill",396,3,4
"Shannen","Shelmardine",397,3,2
"Nikki","Jacobsen",399,3,5
"Valentina","Delap",401,3,0
"Happy","Dake",403,3,3
"Bettina","Plessing",404,3,2
"Annice","Dysert",405,3,2
"Rogerio","Gaze",406,3,3
"Alexandros","Leyband",407,3,2
"Leonie","Cockle",408,3,3
"Arv","Hasely",410,3,2
"Gena","Extall",411,3,2
"Nancee","Muzzini",412,3,2
"Tiena","Backman",416,3,3
"Karola","Hanson",417,3,5
"Ivett","McCoughan",419,3,3
"Kane","Zima",420,3,3
"Hastings","Mora",421,3,2
"Bartholomeo","Conford",422,3,2
"Winnah","Farndon",423,3,4
"Hans","OConnor",424,3,1
"Laurianne","Suttaby",425,3,2
"Tod","Tuff",426,3,2
"Lilia","Keepe",428,3,2
"Patrice","Sumers",429,3,3
"Stafford","Piddlesden",430,3,5
"David","Firth",431,3,2
"Cassandre","Haygreen",433,3,3
"Katheryn","Bickersteth",434,3,2
"Izak","Van THoog",436,3,2
"Agustin","Fowlston",437,3,3
"Abbe","Beadnall",438,3,3
"Vi","Sygrove",439,3,0
"Dulcinea","Comar",440,3,4
"Dillie","Casier",441,3,2
"Pippo","Lafranconi",442,4,2
"Aleta","Spurden",444,3,2
"Henrik","Phette",445,3,3
"Cilka","Neiland",446,3,6
"Brady","Newland",447,3,2
"Aksel","Firman",448,3,3
"Karlie","Gethyn",449,3,0
"De witt","Whitlow",450,3,4
"Caro","Higgonet",451,3,1
"Damaris","Clurow",452,3,3
"Dorie","Kendle",453,4,2
"Gabriello","Cheyney",454,3,4
"Ulrick","Rowlatt",455,3,2
"Edy","Antram",456,3,2
"Elonore","Gillbee",458,3,3
"Maurise","Tosdevin",460,3,2
"Kalila","Leale",461,3,3
"Haven","McHugh",462,3,2
"Maggi","Meo",463,3,2
"Chadd","Sanpher",464,3,5
"Alfreda","Stamps",465,3,2
"Dorian","Goter",466,3,3
"Domingo","Errowe",467,3,3
"Wilbur","Lettley",468,3,2
"Papagena","Impey",469,3,3
"Cesya","Cawsey",470,3,5
"Gerik","De Giorgio",471,3,4
"Friedrick","Cholwell",473,4,3
"Andros","Brodway",474,3,2
"Davie","McCrorie",475,3,2
"Kippy","Braznell",476,3,3
"Joellen","Kemell",477,4,6
"Agata","Duckwith",478,3,3
"Ade","Pracy",479,3,6
"Gayla","Szreter",481,3,2
"Eleni","Vasey",482,3,2
"Jeanie","Brabyn",483,3,3
"Coralyn","Domenget",484,4,3
"Trixie","Sheaf",485,3,2
"Sayres","Checci",486,4,3
"Buddy","Ottery",487,3,2
"Danni","Robberecht",488,3,5
"Farand","Caughan",491,3,2
"Ashbey","MacNamee",492,3,6
"Care","Casperri",493,3,5
"Paulita","Hartness",494,3,0
"Frayda","Ingliby",495,3,4
"Devin","Anthoine",496,3,5
"Gray","Breston",497,3,2
"Dasya","Goadsby",498,3,1
"Darn","Rosnau",499,4,2
"Stephen","Fynn",500,3,2
"Wallache","Dugue",501,3,3
"Domini","Bernardes",502,3,3
"Dario","McGinnis",505,3,2
"Elston","Fritter",507,3,2
"Brenden","Askham",508,3,3
"Becca","Tyler",510,4,2
"Jozef","Saur",511,3,1
"Dionis","Grimshaw",513,3,2
"Nevin","Rickarsey",514,4,4
"Issie","McGlone",515,3,2
"Livia","Morgen",516,3,5
"Mason","Clifford",517,3,5
"Vito","Grouvel",518,3,2
"Merissa","Campo",520,3,3
"Scarlett","Hagard",521,4,3
"Todd","Hackett",522,3,4
"Gardie","Westnedge",523,3,3
"Antons","Milliken",524,3,5
"Cicely","Ernshaw",525,4,1
"Marris","Piburn",526,3,3
"Barry","Dickon",527,3,3
"Eyde","Yokel",529,3,2
"Will","Jandak",530,3,3
"Zsa zsa","Sor",531,3,3
"Reginald","Medhurst",532,3,0
"Jacqueline","McPhelim",533,3,6
"Israel","Mawson",534,3,2
"Althea","Wybron",536,3,2
"Moselle","Lazer",538,3,5
"Vanni","Brayn",543,3,4
"Wally","Windress",544,4,3
"Cynthy","Craine",546,3,2
"Urbano","Banasevich",547,3,3
"Bordie","Ruste",548,4,2
"Gun","Nilges",549,3,5
"Ora","Mateu",550,3,5
"Christoper","McCracken",551,3,4
"Peyter","Millsom",554,3,4
"Sena","Lenihan",555,3,3
"Floris","Reinger",556,4,3
"Jarib","Janout",558,3,2
"Ermanno","Chittem",560,4,3
"Ingaberg","Youdell",562,3,3
"Virge","Peartree",564,3,2
"Elton","Adrien",565,3,2
"Lelah","Heintz",566,3,3
"Crissy","Plumley",567,3,3
"Annamaria","Bicknell",568,3,3
"Tyrone","Hamel",569,3,2
"Stacee","Rigard",571,3,2
"Vittoria","Chomicz",573,3,5
"Frankie","Steed",574,3,2
"Jena","Dowson",575,3,2
"Yank","Mitcham",577,3,2
"Simon","Endricci",578,3,3
"Ban","Spurgeon",579,3,3
"Sindee","Vedyashkin",580,3,3
"Frayda","Foss",581,4,6
"Fiorenze","Kestell",582,3,2
"Hershel","Towsie",584,3,2
"Juliane","Girodier",585,3,3
"Shauna","Stratz",586,3,2
"Ezra","Arkil",587,3,2
"Gail","De Ambrosis",590,3,2
"Cthrine","Whittock",591,3,4
"Emmalee","Hanster",592,3,3
"Tisha","Menere",593,3,3
"Byrom","Dunn",595,3,2
"Terri","Wentworth",597,4,2
"Ettie","Boobyer",599,3,3
"Gabriella","Iceton",600,3,2
"Shane","Kliment",601,3,3
"Cos","Steels",602,3,3
"Elvin","Heigl",604,3,2
"Gabriello","Cumpsty",605,4,5
"Bernarr","Batiste",606,3,3
"Jules","OConnell",608,3,2
"Charlot","Fonzone",611,3,2
"Shepherd","OCorrane",612,3,2
"Bastian","McGrail",613,4,3
"Sebastien","Munt",614,3,3
"Finn","Eslie",615,3,2
"Stormie","Swetmore",616,3,3
"Niels","Sumers",618,3,5
"Bentley","Farris",620,3,3
"Brennen","Garthside",621,3,3
"Claretta","Sollars",622,3,3
"Alis","Rockcliffe",623,3,3
"Maurizio","Pitrollo",624,3,3
"Abigale","Goodlet",625,3,2
"Guinevere","Glading",626,3,6
"Delaney","Lidyard",630,3,3
"Vevay","De Laspee",631,3,2
"Eleonore","Brayne",632,3,3
"Vanda","Graser",634,3,4
"Yalonda","Reedshaw",635,3,2
"Idelle","MacGillivray",638,3,5
"Willy","Winchester",639,3,3
"Catharina","Kingscote",641,4,5
"Imogen","Ainsley",643,4,2
"Estele","Jadczak",644,3,2
"Sheelah","Quidenham",645,3,1
"Janeczka","Wolfinger",647,3,4
"Joshua","Daughtery",648,3,2
"Vinnie","Meffen",649,3,3
"Leif","Beranek",650,3,2
"Clemmie","Yes",652,3,3
"Nicholle","Sywell",653,4,4
"Oby","Grafom",655,3,5
"Myrtle","Reynoldson",656,3,3
"Saunders","Attac",657,3,0
"Francoise","Hatterslay",659,3,4
"Eduino","Hurch",661,3,3
"Rolland","Hustler",662,3,3
"Oliviero","Maden",663,3,3
"Kathrine","Greenshiels",664,3,3
"Ashley","Rawcliffe",665,3,1
"Gabriella","Faustin",666,3,3
"Pren","Simnel",667,3,3
"Joey","Probate",669,3,2
"Werner","Morville",671,3,2
"Cal","Hunter",675,4,3
"Paten","Yard",677,3,3
"Svend","Drohun",679,3,2
"Cody","Sprigg",680,4,2
"Germaine","Wailes",682,4,2
"Coreen","Upjohn",683,3,4
"Gino","Wendover",684,3,4
"Olympe","Petrushkevich",686,3,2
"Melessa","Lockhead",689,3,2
"Mady","Fahey",690,3,5
"Craggie","Gayther",691,3,3
"Adair","Brummell",692,4,2
"Oona","Newvell",698,3,1
"Ignacio","Delia",699,3,2
"Haroun","Compson",700,3,0
"Bathsheba","Millichip",701,3,5
"Jodi","Lomasny",702,3,3
"Mack","Kalinowsky",704,3,3
"Portia","Charpling",705,3,3
"Mikael","Bax",707,4,4
"Natty","Law",709,4,2
"Quent","Kordes",710,3,5
"Morna","Willmore",712,3,3
"Whitney","Winchester",714,4,3
"Farah","OCorr",715,3,2
"Jermain","Freake",716,3,3
"Morry","Sutcliff",717,3,3
"Kerrill","Stapford",720,3,3
"Jules","Simmonett",721,3,4
"Nanette","Stirling",722,3,2
"Shurwood","Foan",723,3,4
"Clint","Clapperton",724,3,4
"Finley","Villa",725,3,3
"Nye","Snookes",727,3,6
"Amble","Sanford",728,3,2
"Gardener","Cohen",729,4,2
"Briggs","Aimeric",730,3,3
"Lind","Shalliker",731,3,2
"Robbert","Barnardo",732,3,1
"Felicdad","Sambrook",733,4,4
"Courtnay","Grassick",734,3,3
"Lutero","Kingswood",738,3,2
"Nannie","Freckelton",741,3,4
"Neille","Tegler",742,3,2
"Bianka","Hirth",743,3,4
"Von","Douberday",744,3,5
"Sergent","Benedicto",746,3,2
"Jourdain","Doogue",747,4,2
"Tynan","Groocock",749,3,6
"Adore","Kivelhan",752,3,2
"Russell","Stainer",754,3,5
"Lindsy","Caddell",757,3,2
"Adler","Burrass",758,3,2
"Jacqueline","Ivatts",760,3,3
"Lenci","Mulqueen",762,3,1
"Lucian","Brightwell",763,4,2
"Hendrika","Twomey",764,3,2
"Clarita","Allon",766,3,2
"Bartram","de Guise",769,3,4
"Dick","Woolrich",771,3,2
"Pet","Formilli",772,3,2
"Fred","Martinets",773,3,0
"Duffy","Segges",775,3,3
"Lin","McKelvey",776,3,3
"Aguste","Gerrett",780,3,2
"Nydia","Binnie",781,4,5
"Kendrick","Halwell",783,3,3
"Brok","Lissandre",784,3,3
"Jacob","Gouldie",785,3,2
"Addie","Stoak",786,4,5
"Burt","Blomfield",787,3,2
"Karlan","Forstall",789,3,1
"Shem","Kenwood",791,3,3
"William","Kinlock",792,3,2
"Rebecca","Galfour",793,3,3
"Nolana","Antoniak",796,3,2
"Pamelina","Slocum",797,3,2
"Dorian","Matyushenko",799,3,4
"Anallese","Olivetta",800,3,3
"Jorgan","Gudgin",802,3,3
"Aurlie","Grindall",803,3,2
"Hurlee","Gennrich",804,3,3
"Cristiano","Jeannard",805,3,1
"Jarad","Biernat",806,4,2
"Timmy","Ruperti",807,4,2
"Che","Georgel",808,3,1
"Elroy","Whitlock",809,3,4
"Avis","Koppelmann",811,4,2
"Jeana","Drabble",812,3,4
"Ole","Jankovic",813,4,3
"Evered","Chesser",815,3,3
"Harlie","Grimme",816,3,1
"Rowney","Gilfillan",817,3,3
"Filippo","Kohrt",819,3,3
"Mariette","Gealy",820,3,3
"Tommie","Minshull",823,3,2
"Anastasia","McTerry",824,4,3
"Ted","Vowdon",825,3,2
"Cacilia","Petracek",826,3,0
"Ashly","Santi",827,3,4
"Belva","De Hooch",828,3,3
"Donella","Cunnell",829,3,2
"Crin","Sextone",830,3,3
"Trueman","Goford",832,3,6
"Fanny","Bignold",833,4,4
"Arlee","Lingfoot",834,3,3
"Georgi","Larsen",836,3,3
"Millisent","Barents",837,3,3
"Allayne","Melmeth",838,3,3
"Abdul","Dumphries",840,3,3
"Drona","Lowten",842,3,3
"Sophie","OCanavan",843,4,3
"Nobie","Skett",844,3,3
"Vivi","Fintoph",845,4,3
"Taddeo","Jozsef",846,4,2
"Emanuel","Stripp",847,3,1
"Anthia","Le Provest",848,3,2
"Angus","Brahams",850,3,6
"Ronald","Pfertner",851,3,2
"Tarrah","Smittoune",852,3,2
"Leona","Kynnd",854,3,3
"Ameline","Vanichkin",855,4,5
"Babbette","Tixier",856,3,3
"Myrtia","Livermore",857,3,1
"Hilary","Teather",859,3,3
"Vachel","Tomczykowski",861,3,3
"Tam","Senescall",862,3,3
"Zorah","Burg",864,3,2
"Granny","Mish",865,3,3
"Kaleena","Eddie",867,4,3
"Sashenka","Berthot",868,3,2
"Chad","Sisey",869,3,6
"Ernesta","Linggard",872,4,2
"Raimondo","Game",874,4,2
"Rebecca","Ezele",875,3,2
"Myrlene","Dyshart",878,4,3
"Orren","Evenden",879,3,3
"Nobe","Reichardt",880,4,2
"Helene","Hanes",881,3,3
"Iggy","Cicconetti",882,3,2
"Rica","Pomeroy",885,3,1
"Ellyn","Leirmonth",887,3,2
"Johnathan","McIlwraith",888,3,2
"Hercule","Tokley",889,3,3
"Torrin","Wilce",893,3,3
"Maryjo","Tysack",894,3,1
"Amby","Bontine",895,3,2
"Griff","Sainer",896,3,3
"Kellen","Raittie",897,3,3
"Artemis","Dring",899,3,2
"Saleem","Albertson",900,3,3
"Zorine","Spieght",901,3,0
"Cathee","Brockelsby",902,3,2
"Emelyne","McLelland",903,4,2
"Francisca","Baseggio",904,3,2
"Patin","Wilmington",905,3,3
"Cloris","Lennie",909,3,2
"Boris","Stoppe",910,3,4
"Tally","Slorach",911,4,2
"Kellie","Macia",912,3,5
"Westley","Giddy",913,3,0
"Jillie","Gipp",916,3,3
"Rancell","Dougherty",918,3,3
"Shamus","Vosse",920,4,2
"Dori","Coolson",922,3,3
"Filberte","Lahiff",923,3,3
"Fidela","Swanbourne",924,3,2
"Ariella","Snoad",925,3,3
"Barbaraanne","Bice",926,3,3
"Marion","Greim",927,3,1
"Leroy","Charrington",930,3,2
"Merry","Guys",932,4,2
"Brice","Sambath",933,3,2
"Alva","Truggian",934,3,3
"Ronald","Bennetto",936,3,6
"Luciano","Martindale",939,3,1
"Brianne","Hollows",940,3,3
"Rodge","Soda",941,3,2
"Beau","Durante",942,4,2
"Wainwright","Kimberley",944,3,3
"Kerwinn","Levee",945,3,2
"Shari","Maulkin",947,3,2
"Giulietta","Troubridge",949,3,6
"Maggie","Winchcomb",950,3,3
"Alane","Hincham",951,4,3
"Lura","McMichan",952,3,2
"Nikkie","Denver",954,3,2
"Hanson","Toplis",956,3,2
"Ronna","Cridlon",957,3,3
"Lucinda","Ghiraldi",958,4,6
"Garold","Fletcher",959,3,3
"Harper","Doeg",960,3,2
"Corine","OMullaney",961,3,2
"Gussi","Yvens",964,3,2
"Gabriela","Brownsell",966,3,2
"Hanan","Ech",967,3,6
"Petey","Dainty",969,3,3
"Lisabeth","Emanulsson",970,3,2
"Aurea","Winger",972,3,5
"Anatole","Kwietek",974,3,5
"Hadlee","McVee",975,3,3
"Giselle","Baylie",976,3,2
"Gibby","Meatcher",977,4,4
"Baldwin","Bedingfield",981,3,3
"Evelina","Bernon",982,3,2
"Yalonda","Kareman",983,3,1
"Lorrie","Kelway",984,3,2
"Jamison","Lighten",985,3,3
"Papagena","Sergean",986,3,2
"Suzann","Furst",987,3,3
"Ninetta","Warratt",990,3,3
"Coreen","Pethrick",991,4,0
"Rhoda","Bentham",992,3,2
"Barton","Dunge",994,4,5
"Keefe","Ashard",995,3,4
"Leigha","Rusk",996,3,2
"Debbie","Mucklow",997,4,1
"Kort","Ridger",998,3,2
"Jethro","Hendriksen",999,3,2
"Ricard","Culshaw",1001,3,2
"Bren","Alliott",1002,3,2
"Marlo","Villa",1003,3,0
"Zebulen","Antram",1004,3,2
"Park","Blagden",1005,3,2
"Fransisco","Gelling",1006,3,0
"Fara","Cotty",1007,3,3
"Lorilyn","Chilvers",1009,3,6
"Dagmar","Agron",1010,4,2
"Terrijo","Sanches",1011,3,1
"Aldus","Discombe",1012,3,2
"Tony","Storm",1013,3,2
"Lucita","McHarry",1014,3,3
"Hobey","Krochmann",1015,3,4
"Lenee","Oldam",1016,3,2
"Papagena","Hessentaler",1017,3,3
"Early","Arnson",1018,3,2
"Nessie","Pero",1019,3,3
"Haily","Pattini",1022,3,0
"Ardys","Kindley",1024,3,3
"Donni","Tomney",1025,3,6
"Glenda","Roscher",1026,3,3
"Raina","Bulfit",1027,3,2
"Fabien","Zeale",1028,4,4
"Hilary","Tembey",1029,3,3
"Nolan","Baribal",1030,3,5
"Ange","Robb",1032,3,4
"Fern","MacAdie",1033,3,2
"Jan","Roskams",1034,3,3
"Wrennie","Maker",1035,4,3
"Red","Boissier",1036,3,1
"Esther","Madgett",1037,3,6
"Simona","Geane",1038,3,3
"Estrella","Proughten",1039,3,2
"Evan","Critch",1040,3,3
"Royall","Peagrim",1042,3,1
"Galvin","Jaynes",1043,3,2
"Filmore","Crean",1044,3,2
"Pebrook","Maass",1045,3,4
"Jeni","Frankling",1046,3,2
"Fielding","Harnett",1047,3,2
"Erin","Esherwood",1048,3,1
"Deni","Ingleton",1049,3,3
"Byram","Orr",1050,3,2
"Kizzee","Duchenne",1052,3,3
"Waldo","Beglin",1053,3,2
"Niki","Duckhouse",1055,3,2
"Dora","Slora",1056,4,5
"Ingunna","Thirst",1060,3,2
"Merola","McGurn",1061,3,2
"Ella","Binch",1062,3,3
"Margo","Major",1066,3,3
"Worthy","Toppas",1068,3,5
"Alfredo","Howood",1069,3,0
"Alecia","Kopelman",1070,3,4
"Leontyne","Windley",1071,3,4
"Rip","Ashburne",1073,3,2
"Jermayne","Ragbourn",1074,3,3
"Shadow","Welbeck",1076,3,5
"Tremaine","Kingswood",1077,3,3
"Edgar","Maughan",1079,3,6
"Tootsie","Colyer",1080,4,2
"Ali","Peron",1081,3,2
"Maggie","Traite",1082,3,2
"Alta","Kirkhouse",1083,3,2
"Jeanne","Marcu",1084,3,1
"Ailyn","Crannis",1085,3,3
"Teddi","OConnell",1088,3,4
"Keeley","Toffel",1092,4,6
"Jarrid","Lembrick",1094,3,4
"Iorgo","Coverdill",1096,3,4
"Carver","Nussen",1097,3,4
"Theda","Major",1098,3,1
"Federica","Dowley",1099,3,2
"Mag","Louth",1100,4,2
"Bale","Scneider",1101,4,4
"Dion","Waywell",1102,3,5
"Livvie","Le Noury",1103,3,1
"Cortie","Halpen",1105,3,5
"Griffith","Crapper",1106,3,3
"Ula","Munkley",1107,4,0
"Felecia","Becket",1108,4,0
"Pierre","McGoon",1109,3,3
"Claudette","Jacquet",1111,3,2
"Mariana","Hamberston",1113,3,4
"Reamonn","Leadley",1114,3,3
"Ambrose","McElory",1115,3,2
"Sosanna","Davidow",1116,4,3
"Roch","Povele",1117,3,2
"Goldina","Autry",1118,3,4
"Zitella","Rubinsztein",1119,3,2
"Bernhard","Citrine",1120,4,1
"Geoffry","Maltby",1121,3,3
"Nicolas","Pargeter",1124,3,3
"Osgood","McAughtrie",1125,3,2
"Bryanty","Saunderson",1126,3,1
"Thorstein","Beddo",1127,3,4
"Larina","Westnage",1128,3,2
"Malva","Zanini",1131,3,6
"Petronille","Starbuck",1132,3,2
"Marylou","McReynold",1133,4,0
"Sonia","Katz",1135,3,4
"Rene","Wantling",1136,3,2
"Harman","Swaisland",1137,3,3
"Bill","Sygroves",1138,3,3
"Kristoffer","Hull",1140,3,3
"Francklin","Antoniewicz",1143,3,2
"Maddy","Duckwith",1148,3,3
"Annadiane","Densell",1150,3,2
"Lotte","Saffin",1152,3,2
"Mirelle","Cobbing",1154,3,2
"Grier","Lougheid",1156,3,0
"Maribel","De Bruin",1157,3,3
"Boyce","Viles",1158,3,4
"Dionysus","Burg",1160,3,5
"Jobey","Bradlaugh",1161,3,2
"Barrett","Tembey",1162,3,0
"Livy","Orteau",1163,4,3
"Farris","Shakesby",1164,3,2
"Mariska","Gaffon",1165,3,3
"Robb","Wallbridge",1166,3,3
"Lori","Ballaam",1167,3,2
"Wally","Westnage",1171,3,3
"Filberto","Coppins",1172,3,2
"Alyce","Gronauer",1173,4,2
"Worth","Joinson",1175,3,4
"Shannon","Wootton",1177,4,2
"Cecily","Burlay",1179,3,3
"Jedidiah","Le Estut",1180,3,3
"Carley","Camoletto",1182,3,2
"Byran","Godbehere",1184,4,3
"Kerri","Mackleden",1185,3,2
"Elia","Tichelaar",1188,3,2
"Garvin","Ayerst",1190,3,3
"Benton","Antram",1191,3,2
"Lissa","Mishaw",1192,3,5
"Griselda","Cloonan",1193,4,4
"Kain","Nast",1195,3,2
"Ronna","Welling",1196,3,2
"Jewelle","Taylorson",1198,3,2
"Cherin","Gurney",1200,3,4
"Brit","Garratty",1201,3,6
"Tamas","Daveran",1202,3,2
"Genevieve","Pollendine",1203,3,5
"Averil","Feeley",1204,4,2
"Vivianne","Readman",1206,3,3
"Dody","Vanyukov",1207,3,2
"Gabbi","Sowrey",1210,3,2
"Lura","Dukesbury",1211,3,3
"Domini","Paskell",1212,3,2
"Bibi","Alam",1215,4,3
"Jedidiah","Bentje",1216,3,2
"Sammie","Hamstead",1217,3,2
"Jenna","Schinetti",1218,3,2
"Garv","Brandle",1219,3,3
"Kirby","Loosely",1220,3,3
"Rog","Tregido",1221,3,4
"Selie","Lusty",1224,3,4
"Elwyn","Fenner",1225,4,3
"Emmy","Cardillo",1226,3,2
"Nita","Pursehouse",1228,3,3
"Fernandina","Burwood",1231,3,3
"Bathsheba","OHagan",1233,3,3
"Eldon","Gashion",1234,4,2
"Bev","Switsur",1235,3,2
"Morgen","Chessor",1237,4,2
"Des","Eddowis",1238,3,5
"Sheree","Bensusan",1239,3,2
"Rhys","Rablin",1240,3,4
"Bonnibelle","Riden",1241,4,2
"Teena","Pavolillo",1242,3,6
"Venita","Leasor",1243,3,6
"Vanya","Sotworth",1244,3,3
"Boothe","Ratray",1245,3,2
"Valenka","Casbon",1246,3,5
"Patric","Teaze",1248,4,2
"Ida","Desouza",1249,3,5
"Isabelita","Goward",1250,3,2
"Dione","Gratrex",1251,3,2
"Dionne","Le Fevre",1252,3,2
"Salvidor","Lenham",1254,3,2
"Junina","Vaughn",1255,3,2
"Berri","Stapleford",1256,3,2
"Even","Stoffers",1257,3,2
"Nedi","Pountney",1258,3,4
"Barrie","Fillary",1259,3,2
"Henrieta","Arkell",1260,3,2
"Angelico","Lafoy",1263,3,3
"Alana","Asipenko",1264,3,2
"Polly","Huie",1265,3,5
"Sigfried","Spruce",1267,3,5
"Gaven","Furzey",1268,3,3
"Augy","Kennifick",1269,3,2
"Tana","Bugdall",1270,4,2
"Aldwin","Mitrovic",1273,3,4
"Barbabas","Haylands",1275,4,2
"Martguerita","Kitteridge",1277,3,2
"Lock","Corn",1278,3,3
"Billye","Humbatch",1279,4,2
"Lidia","Sidgwick",1280,3,2
"Morie","Angier",1281,3,3
"Carmine","Mistry",1282,4,5
"Tabbi","Carwithen",1283,3,6
"Lanette","Lehemann",1285,3,2
"Ronda","Palfreyman",1286,3,2
"Maurine","Greenhough",1288,3,4
"Feliks","Porch",1289,3,5
"Christie","Tompkin",1291,3,3
"Tillie","Spellacey",1292,3,2
"Glori","Spacie",1293,3,3
"Truman","Eskrick",1294,3,2
"Dania","Caze",1295,3,2
"Terry","Winton",1296,3,2
"Gwyneth","Francescuzzi",1297,3,6
"Arabella","Bulfoy",1298,3,3
"Minetta","McNiff",1299,3,2
"Darbie","Henniger",1301,3,2
"Sol","Khristyukhin",1303,3,3
"Alix","Dimeloe",1304,3,4
"Ulric","Bensen",1306,4,4
"Renae","Penk",1307,3,4
"Nerti","Boolsen",1308,3,3
"Gabbi","Briatt",1309,3,3
"Alleyn","Halworth",1310,3,2
"Harland","Gautrey",1311,3,6
"Frants","Rothon",1312,3,0
"Gualterio","Lovart",1314,3,3
"Hamil","Sommerling",1315,3,6
"Bevon","Binham",1317,3,2
"Gibby","Portlock",1318,3,2
"Thaddeus","Apperley",1319,3,2
"Pen","Rackstraw",1321,4,2
"Carling","Gorick",1322,3,6
"Bonnibelle","Bartleet",1324,3,5
"Sidnee","Fragino",1329,3,4
"Lodovico","McAlinion",1331,3,2
"Findlay","Hanaby",1333,3,4
"Ceil","McTague",1334,3,3
"Feliza","Scardafield",1336,3,5
"Aidan","Branch",1338,3,4
"Reilly","Avraham",1340,3,0
"Hollie","McComiskie",1344,3,0
"Adi","Dalyell",1346,3,4
"Jehu","Studdeard",1349,3,2
"Bone","Hazeldene",1350,3,3
"Morty","Steffens",1352,3,2
"Kristyn","Yitzowitz",1355,3,3
"Brita","Melbourne",1356,3,6
"Vicki","Millson",1358,3,6
"Marga","Attenborough",1360,3,0
"Yoko","Cruz",1361,4,3
"Wynn","Bierton",1362,3,2
"Emanuel","OSullivan",1363,3,2
"Sheela","Poor",1364,3,4
"Staford","Retter",1367,3,1
"Carling","Hollyer",1368,3,5
"Vic","Wisson",1369,3,0
"Frayda","Geraudy",1371,4,3
"Padriac","Pelman",1372,3,2
"Freddy","Meffin",1373,3,0
"Leonardo","Whitehall",1374,4,2
"Ashley","Tett",1375,4,0
"Allys","Petrecz",1377,3,1
"Tersina","Kellington",1379,3,3
"Lutero","Iacovino",1380,3,0
"Godart","Poulson",1382,3,2
"Quintilla","Iglesia",1383,3,2
"Pamella","Hinrichs",1387,3,0
"Don","Gowen",1389,3,3
"Gorden","Gledhall",1390,3,2
"Winny","Shakespear",1391,3,5
"Shellysheldon","Lettson",1392,3,4
"Annmarie","Bright",1394,3,2
"Nolana","Howsego",1395,3,2
"Betty","Witson",1396,3,3
"Justin","Cankett",1397,4,2
"Bartlett","Figure",1399,3,3
"Issi","Demeter",1401,3,3
"Hallie","Gore",1402,3,3
"Everett","Matskiv",1403,3,3
"Kerry","Habgood",1405,3,2
"Chad","Bussy",1407,3,2
"Rafferty","Barbery",1408,3,5
"Sibella","Moquin",1409,3,2
"Caesar","Crighten",1411,3,6
"Modestia","Purrier",1412,3,2
"Moira","Edmands",1415,3,2
"Siouxie","Torpie",1417,3,2
"Marnia","Bartholomaus",1419,3,3
"Avril","Dewes",1420,4,2
"Daryle","Flahive",1421,3,1
"Gavra","Norbury",1422,3,3
"Cosetta","Margiotta",1423,4,3
"Tyne","Kinkaid",1424,3,4
"Jdavie","April",1425,3,3
"Mariam","De Bruyn",1427,3,3
"Jobey","Engley",1428,3,3
"Babbie","Canario",1430,3,3
"Fredra","Paradine",1431,3,2
"Ula","Rawstorn",1433,3,3
"Laina","Flattman",1434,3,3
"Isak","Caldecott",1435,3,2
"Tirrell","MacGiolla",1436,3,3
"Angie","Duthie",1438,3,2
"Emery","Valencia",1439,3,2
"Dew","Bassett",1440,3,2
"Levon","Grenville",1441,4,3
"Wilt","Schiementz",1443,3,2
"Averill","Abelov",1445,3,3
"Ronna","Spindler",1446,3,3
"Cynthea","Sheed",1447,3,2
"Babette","Mumbeson",1448,3,5
"Les","Loxly",1449,3,2
"Joceline","Shepley",1453,3,5
"Goldie","Pleming",1457,3,1
"Cacilie","Assiter",1458,4,2
"Kelley","Goscar",1459,3,2
"Hector","Belchamp",1460,3,2
"Saraann","Boland",1461,3,3
"Micki","Grigoire",1464,3,2
"Merwyn","Cleaton",1465,3,4
"Lonee","Gettins",1466,3,3
"Zea","Mortell",1467,3,0
"Franky","Pincked",1468,3,5
"Halie","Wilstead",1469,3,4
"Joann","Yitzowitz",1471,3,5
"Kamilah","Bortolomei",1472,3,2
"Conrado","Gosenell",1473,3,0
"Delinda","Narup",1474,3,3
"Noami","Husband",1475,3,3
"Emmott","Beagrie",1477,3,2
"Austina","Braidford",1478,3,2
"Chan","Longridge",1479,3,2
"Kamillah","Acarson",1480,3,3
"Morissa","Plummer",1481,3,4
"Arnoldo","Dunnet",1482,3,2
"Cathi","Guerrieri",1483,4,2
"Addy","Newlands",1484,3,3
"Chrissie","Elstone",1485,3,3
"Ashien","Tomkowicz",1486,3,3
"Gianna","Docker",1487,3,4
"Robert","Ghilks",1489,4,2
"Clerc","Castanos",1492,3,3
"Nil","Wilshin",1494,3,2
"Jacob","Habgood",1495,3,2
"Reggi","Bearns",1496,3,2
"Jackelyn","Clemmett",1497,3,3
"Gusta","Leavey",1499,4,3
"Michelle","Cron",1501,3,2
"Rancell","Till",1502,3,5
"Hieronymus","Dudding",1503,3,4
"Melissa","McOrkil",1504,3,2
"Kelvin","Cheak",1506,3,2
"Cesare","Copello",1507,3,5
"Welbie","Blackham",1509,4,3
"Kiel","Jehaes",1513,3,3
"Lynnell","Cherry Holme",1514,3,2
"Elnore","De Cristoforo",1515,3,6
"Kalindi","Haswall",1516,4,5
"Biddie","Antonsson",1520,4,2
"Torie","Claypool",1522,3,2
"Aaren","Knightly",1523,3,1
"Teodoor","Wilfinger",1525,3,3
"Kassandra","Gwinnel",1527,3,2
"Eileen","Load",1529,3,3
"Anselma","Mays",1533,3,2
"Neville","Gallimore",1534,3,3
"Theressa","Grugerr",1535,3,3
"Augie","Smithies",1537,3,2
"Cornall","Bugbird",1539,3,2
"Kaitlyn","Serotsky",1541,4,4
"Bowie","Bome",1542,3,3
"Elsy","Stripp",1543,3,2
"Harriet","Houldey",1544,3,3
"Corinne","Rapport",1545,3,2
"Fredrick","Theobalds",1546,4,3
"Jamill","Vardey",1547,3,3
"Merry","Rowles",1548,3,5
"Barnard","Boothe",1549,3,3
"Analise","Loddon",1550,4,2
"Mufi","Kleehuhler",1551,3,3
"Jenni","Tibbs",1552,3,2
"Gay","Sporton",1553,3,4
"Alain","Faircliffe",1554,4,5
"Devan","Skurm",1555,3,2
"Brenden","Cramp",1556,4,3
"Ode","Rawlence",1557,3,2
"Reinald","Dusey",1558,3,2
"Alphard","Iacovacci",1560,3,6
"Cleopatra","Brigginshaw",1562,3,4
"Kain","Barles",1563,3,2
"Carita","Klaves",1564,3,3
"Allyn","Skaid",1568,3,3
"Vere","Enga",1569,3,2
"Jordanna","Hallgath",1572,3,4
"Nerita","Lazarus",1573,3,2
"Klement","Colhoun",1574,3,3
"Dyane","Penton",1576,3,3
"Prisca","Bradder",1577,3,4
"Doralyn","Hagstone",1578,4,3
"Rayshell","Lingwood",1580,3,3
"Isabelita","Dykes",1581,4,5
"Moise","Bowlands",1582,3,3
"Brandie","Fullstone",1583,3,5
"Edgar","Archbutt",1585,3,5
"Joannes","Ketley",1586,3,3
"Milli","Alltimes",1587,3,4
"Desirae","Chilvers",1588,3,3
"Isabelle","Biffin",1590,3,0
"Madelaine","Heath",1591,3,2
"Dosi","Grunwald",1592,3,2
"Dani","Rodolf",1594,3,3
"Marget","Darrigone",1595,4,2
"Eduardo","Fellgatt",1596,3,3
"Veriee","MacGinley",1597,3,3
"Dael","Purrier",1598,3,2
"Sibylla","Gayton",1599,3,0
"Edwin","Brandon",1601,3,5
"Sherlocke","Driver",1602,3,5
"Felicio","Drane",1604,3,3
"Hannah","Gill",1605,3,2
"Risa","Eteen",1606,3,3
"Rowena","Casali",1607,3,3
"De witt","Berndsen",1608,3,4
"Dari","MacCoveney",1609,3,3
"Arty","Hundal",1611,3,3
"Moreen","Darycott",1612,3,2
"Chen","McGrale",1613,3,3
"Ram","Selby",1614,3,2
"Shelbi","Bleyman",1615,3,3
"Dodi","Mitham",1617,3,3
"Katalin","Trevor",1618,3,3
"Berti","Cardello",1619,3,3
"Stephanie","Weond",1621,3,2
"Iolande","Stileman",1622,4,5
"Stormie","Boutton",1623,3,2
"Waylen","Kelloch",1624,3,2
"Junette","Mirfin",1625,3,2
"Louis","Bezant",1627,3,3
"Mohammed","Amthor",1628,3,2
"Jerri","Phillput",1630,3,5
"Morty","Cotter",1631,3,2
"Gearalt","Girone",1633,3,2
"Gae","Traite",1635,3,3
"Sidnee","Harrie",1638,3,6
"Giovanni","Habbon",1639,3,3
"Annabelle","Eighteen",1640,3,2
"Arlyne","Parrott",1641,3,2
"Gretel","Leebeter",1642,3,3
"Pepillo","Twaits",1644,4,3
"Dale","Bradbrook",1645,3,2
"Maria","Runcieman",1646,3,2
"Atlanta","Danbury",1647,3,0
"Judith","Jee",1648,3,0
"Emlyn","Simmen",1649,3,3
"Hal","ODyvoie",1650,3,2
"Clifford","Labbati",1651,3,6
"Starlene","Longwood",1653,3,6
"Lottie","Dulson",1654,4,3
"Gavin","Tubby",1655,3,2
"Papagena","Poletto",1656,3,3
"Caressa","Di Biagio",1657,3,3
"Tonye","Grandin",1658,3,2
"Esta","Grigoryev",1659,3,4
"Emmalynn","Govey",1661,3,3
"Marshall","Clyma",1662,3,6
"Mace","Commucci",1664,4,3
"Gill","Farmar",1665,4,6
"Shay","Elwel",1666,4,3
"Taber","Regus",1667,4,2
"Riki","Egarr",1668,3,4
"Rafaellle","Gogarty",1669,3,3
"Inger","Barkhouse",1670,3,5
"Sybille","Josephsen",1671,3,4
"Dotti","Coleiro",1673,3,2
"La verne","Bails",1674,3,2
"Jessey","Bartley",1675,4,3
"Micki","Simonds",1676,3,2
"Raeann","Albany",1677,3,2
"Carrol","Lambregts",1678,3,2
"Bunni","Eggleton",1680,3,3
"Udell","Chomicki",1681,4,2
"Hamid","Pires",1682,3,2
"Chandra","Ubsdall",1683,3,2
"Shannon","Paynter",1684,3,2
"Stevy","Rayson",1687,3,5
"Gibb","Sissons",1689,3,2
"Lizette","Bartolomucci",1691,3,3
"Alena","Bernaciak",1692,3,2
"Ruperto","Couth",1693,4,5
"Kaitlin","Goncalo",1694,3,1
"Barnie","Dubock",1696,3,3
"Allayne","Rembrant",1697,4,2
"Vinny","Issacov",1698,3,6
"Kippar","Tipens",1700,3,2
"Lindy","Bellee",1701,3,3
"Matelda","Savaage",1702,4,2
"Edin","Rose",1703,3,2
"Raynor","Turone",1704,3,2
"Elladine","OBrogane",1706,3,3
"Saloma","Martinetto",1707,3,1
"Carlina","Dowry",1708,3,3
"Cullie","Levington",1709,3,2
"Lutero","Rosini",1710,3,2
"Mattie","Stoffer",1712,4,3
"Cori","Pruckner",1714,3,2
"Missy","Breakey",1716,3,3
"Dana","Labone",1718,3,3
"Lamond","Longmead",1719,3,2
"Lanny","Chritchley",1720,3,3
"Harv","Zahor",1721,3,2
"Ariel","Balshaw",1722,3,4
"Dare","Goulding",1724,3,3
"Jordan","Fulks",1725,3,2
"Reube","Moulson",1727,3,3
"Grannie","Edmed",1728,3,3
"Uta","Dorman",1729,3,2
"Lew","Vassano",1731,3,3
"Layney","McGrale",1732,3,5
"Rayshell","Fearnyhough",1733,3,3
"Tiffani","Tidgewell",1734,3,2
"Luis","Bacop",1735,3,3
"Albertine","Truscott",1736,4,3
"Golda","Eat",1737,3,2
"Emmeline","Brownsword",1739,3,2
"Rutherford","Jaslem",1740,3,3
"Ellswerth","Quadling",1744,4,2
"Gun","Hillam",1745,3,2
"Zaria","Shorto",1746,3,2
"Orel","Falk",1747,3,0
"Gregoor","Batterson",1749,3,3
"Darb","Templeman",1751,3,5
"Aprilette","Postance",1752,3,3
"Jorie","Calow",1753,3,5
"Lissi","Maskrey",1754,3,2
"Corrie","Norwell",1755,3,3
"Francesco","Clacey",1756,3,2
"Evangeline","Heeron",1757,3,1
"Denver","Scoffins",1758,4,2
"Erminie","Sewart",1760,3,4
"Barbabas","Terney",1761,3,2
"Roslyn","Gurry",1762,3,2
"Verena","Muro",1763,3,3
"Monique","Grimes",1764,3,3
"Jens","Haldane",1766,3,2
"Morganne","Pheasant",1767,3,4
"Heidie","Lecointe",1768,4,6
"Bengt","Tumbridge",1770,3,2
"Rhodia","Fincher",1771,3,2
"Jyoti","Shiels",1772,4,2
"Lona","Flattman",1774,3,3
"Tammara","Colyer",1775,4,2
"Rebeca","Mains",1778,3,5
"Sayres","Gronav",1779,3,3
"Dahlia","Pankhurst",1780,3,3
"Karolina","Bromehed",1782,3,3
"Elsa","Schirach",1783,3,6
"Bartholemy","Dalla",1784,3,3
"Rancell","Daveran",1786,3,2
"Mela","Forte",1787,3,2
"Gerard","Jorge",1789,3,3
"Jonah","McCanny",1790,3,1
"Salvatore","Lewington",1792,3,2
"Olav","Siebert",1794,3,4
"Celle","Huzzey",1797,3,2
"Tobey","Schoenrock",1798,3,1
"Udale","Murr",1799,3,6
"Herschel","Ivermee",1800,4,3
"Binky","Yggo",1801,3,3
"Corella","Dibben",1802,3,5
"Trever","Domke",1803,3,2
"Dominic","Kline",1804,3,6
"Herman","Binnell",1805,3,3
"Anselm","Balaam",1807,3,3
"Whitby","Castellani",1809,3,4
"Terrance","Fenemore",1812,3,6
"Trefor","De Moreno",1813,3,2
"Willy","Satford",1814,3,3
"Darcey","Goodbourn",1815,3,3
"Tabatha","Barz",1816,3,3
"Hetti","Malloy",1818,3,3
"Benito","Cordeux",1821,4,2
"Tiebout","Fortye",1822,3,3
"Corrianne","Robers",1823,4,5
"Reinhard","Boffey",1824,4,0
"Marsiella","Szapiro",1826,3,2
"Saree","Blethyn",1827,3,4
"Boyce","Lempertz",1829,3,3
"Bennie","Edmonson",1830,3,2
"Cleon","Haffner",1833,3,3
"Dinah","Sisselot",1834,4,3
"Odette","Snedden",1835,4,4
"Blair","Swaddle",1836,3,4
"Bartram","Magnar",1837,3,3
"Raeann","Swalowe",1839,3,4
"Auberta","Bonar",1842,3,4
"Holly","O Cuolahan",1844,3,3
"Kevan","Lundbech",1845,4,3
"Chrissy","Emer",1847,4,2
"Chuck","Shirrell",1849,4,5
"Dynah","Scoyles",1850,3,3
"Happy","Leeke",1852,3,3
"Shermie","Warratt",1853,3,2
"Hallie","Alwin",1854,4,1
"Giffard","Richt",1856,3,2
"Tamarah","Rennolds",1857,3,4
"Rubetta","Vispo",1858,3,2
"Anitra","Dillestone",1859,3,3
"Rivalee","Lishmund",1860,3,3
"Dall","Vowell",1862,3,3
"Noel","Goring",1863,3,5
"Ed","Leydon",1864,4,5
"August","Kleanthous",1865,3,3
"Matilde","Charpling",1866,3,2
"Kippie","Hallward",1867,3,3
"Bobine","Hughson",1868,4,3
"Ellene","Alu",1869,4,2
"Rolf","Shoebrook",1870,3,2
"Connie","McCerery",1871,3,2
"Garrard","Chuck",1873,4,2
"Saundra","Narbett",1875,3,3
"Beatrisa","Blackmuir",1876,3,3
"Johnathan","Frany",1878,4,2
"Catina","McKintosh",1880,3,4
"Lynsey","Lantry",1881,3,2
"Rica","Vallens",1882,3,3
"Reiko","Rolfe",1883,3,2
"Gae","Hairs",1885,4,2
"Nicolette","Suff",1886,3,2
"Emili","Anton",1888,3,2
"Emery","Videler",1890,4,2
"Homer","Jedrzejewicz",1892,3,3
"Ardith","Cavilla",1893,3,3
"Wendy","Pepperd",1898,3,5
"Adina","Simonds",1900,3,3
"Valenka","Whittington",1903,3,5
"Annabela","Pittson",1905,4,2
"Brier","Colam",1907,3,3
"Mendy","Drabble",1908,3,1
"Aubine","Ivanyushin",1909,4,3
"Lotty","Hunter",1911,3,3
"Garey","Twelvetree",1912,3,2
"Rosmunda","Pye",1915,3,3
"Henka","Simonson",1916,3,0
"Brooke","Kingscott",1918,3,3
"Al","Mayworth",1922,3,3
"Calli","Stanes",1924,3,2
"Rupert","Blaske",1927,3,2
"Alys","Sapp",1928,3,3
"Danell","Fendt",1929,3,1
"Patin","Libero",1931,3,3
"Arnold","McIndrew",1932,3,3
"Mareah","Jindra",1933,3,0
"Eloise","Moulsdale",1934,3,4
"Dene","Clutton",1935,3,3
"Agnese","Oldall",1936,4,3
"Maje","Culshaw",1937,3,3
"Lamar","Cottier",1938,3,2
"Lilian","Madelin",1939,3,2
"Sandi","Ells",1940,3,0
"Roxanne","Beswick",1941,3,3
"Randi","Houlton",1943,3,4
"Adelle","Younge",1944,3,2
"Lenore","Balcombe",1945,3,2
"Piper","Ashwin",1947,3,3
"Verene","Holbury",1948,3,3
"Jolynn","Mottram",1949,4,3
"Maia","Dunthorn",1950,4,3
"Montague","Stow",1951,3,2
"Georgine","Goulding",1952,3,6
"Jesse","Camplin",1954,3,5
"Venita","Vela",1955,3,6
"Kimberlee","Pretor",1956,4,6
"Genna","Bodell",1960,3,2
"Marieann","Wann",1961,3,3
"Berry","Knell",1962,3,2
"Nessi","Deyes",1965,3,5
"Laurens","Lias",1966,4,1
"Vin","Pim",1967,3,4
"Licha","Sandels",1968,3,2
"Kizzie","Kohler",1969,3,6
"Murial","Luciani",1970,4,2
"Betsy","Langdridge",1971,3,1
"Lemar","Fairpo",1972,3,2
"Sumner","Diess",1973,3,0
"Dory","Parkeson",1974,3,4
"Pernell","Lavender",1975,3,3
"Frederich","Oxbie",1976,3,2
"Torie","Cluer",1979,4,2
"Laurel","Tombs",1980,3,3
"Emanuel","Rodmell",1981,3,2
"Hy","Giblin",1982,3,6
"Tina","Cowton",1985,3,2
"Demetria","Burehill",1986,3,4
"Gregory","Gonin",1987,3,3
"Fionna","Henken",1989,3,6
"Phillida","Lilford",1992,3,2
"Ailey","Shorrock",1993,4,3
"Adolf","StandishBrooks",1994,3,2
"Hastie","Snoding",1995,3,3
"Gabrielle","McMaster",1996,3,1
"Sonya","McNysche",1997,3,1
"Micki","Probetts",1998,3,3
"Elie","Seedman",1999,4,3
"Marcellina","Cubbin",2000,3,3
"Fayth","Jahn",2003,3,3
"Alta","Presnell",2007,3,2
"Haskel","Colam",2008,3,5
"Kristofor","Tabary",2009,3,6
"Isabelle","Edwin",2010,3,3
"Brady","Marunchak",2012,3,3
"Tudor","Dunkerley",2013,3,2
"Hillier","Dominicacci",2014,3,2
"Malva","Marques",2015,3,3
"Dacie","Brocklehurst",2016,3,3
"Casper","Laybourne",2017,4,2
"Alane","Tompsett",2018,4,3
"Emile","Hawksby",2019,3,3
"Woodie","Otterwell",2020,3,2
"Leonanie","Cornfield",2021,3,6
"Torr","Pariss",2022,3,3
"Samson","Felkin",2023,3,3
"Roddy","Suche",2024,3,2
"Jenelle","Orrocks",2025,3,3
"Ripley","Blowen",2026,4,2
"Natividad","Poon",2027,3,3
"Averell","Antonognoli",2031,3,2
"Eleonore","FitzAlan",2032,3,4
"Lazare","Rodrig",2034,4,3
"Clemmy","Kolczynski",2035,4,2
"Robinia","Booij",2036,4,4
"Kris","Hocking",2037,3,5
"Benton","Solley",2038,3,4
"Malanie","Fradgley",2040,3,2
"Joann","Dunster",2041,3,1
"Flori","Silver",2044,3,3
"Elia","Screeton",2045,3,2
"Catina","Eggle",2046,3,3
"Warde","Grisbrook",2048,3,2
"Gardner","Deakin",2049,3,2
"Rice","Brasse",2051,3,2
"Benito","Hember",2052,3,5
"Basia","Filipponi",2053,3,2
"Baxy","Eakeley",2054,3,3
"Rasia","Starcks",2055,3,3
"Denise","Keane",2056,3,2
"Paige","Houlston",2057,3,2
"Lorain","Minigo",2060,3,2
"Marni","Skidmore",2061,3,3
"Virginia","Pentecust",2062,3,5
"Ingmar","Metzel",2064,4,0
"Felicity","Tosh",2065,3,3
"Marsiella","Sybe",2068,3,3
